<?xml version="1.0" encoding="UTF-8" ?>
<extension type="package" version="1.1" method="upgrade">
	<name>Digiwallet for Phoca Cart Package</name>
	<packagename>digiwallet_phoca_cart</packagename>
	<author>DigiWallet.nl</author>
	<creationDate>29/10/2021</creationDate>
	<copyright>Copyright (C) 2021 e-plugins.nl</copyright>
	<license>GNU General Public License version 2 or later</license>
	<authorEmail>techsupport@targetmedia.nl</authorEmail>
	<authorUrl>https://www.digiwallet.nl</authorUrl>
	<version>1.1</version>
	<files folder="packages">
		<file type="plugin" id="digiwallet_phoca_cart_afterpay">plg_pcp_digiwallet_afterpay.zip</file>
		<file type="plugin" id="digiwallet_phoca_cart_bancontact">plg_pcp_digiwallet_bancontact.zip</file>
		<file type="plugin" id="digiwallet_phoca_cart_bankwire">plg_pcp_digiwallet_bankwire.zip</file>
		<file type="plugin" id="digiwallet_phoca_cart_creditcard">plg_pcp_digiwallet_creditcard.zip</file>
		<file type="plugin" id="digiwallet_phoca_cart_eps">plg_pcp_digiwallet_eps.zip</file>
		<file type="plugin" id="digiwallet_phoca_cart_giropay">plg_pcp_digiwallet_giropay.zip</file>
		<file type="plugin" id="digiwallet_phoca_cart_ideal">plg_pcp_digiwallet_ideal.zip</file>
		<file type="plugin" id="digiwallet_phoca_cart_paypal">plg_pcp_digiwallet_paypal.zip</file>
		<file type="plugin" id="digiwallet_phoca_cart_paysafecard">plg_pcp_digiwallet_paysafecard.zip</file>
		<file type="plugin" id="digiwallet_phoca_cart_sofort">plg_pcp_digiwallet_sofort.zip</file>
	</files>
</extension>
