<?xml version="1.0" encoding="utf-8"?>
<extension type="plugin" group="pcp" method="upgrade" version="3.9">
	<name>plg_pcp_digiwallet_paypal</name>
	<title>Phoca Cart Payment - Digiwallet Paypal Plugin</title>
	<author>DigiWallet.nl</author>
	<creationDate>10/02/2021</creationDate>
	<copyright>Copyright (C) 2021 e-plugins.nl</copyright>
	<authorEmail>techsupport@targetmedia.nl</authorEmail>
	<authorUrl>https://www.digiwallet.nl</authorUrl>
	<license>GNU/GPL</license>
	<version>1.0</version>
	<description>Phoca Cart Payment - Digiwallet Paypal Plugin - payment method for Phoca Cart component</description>
	<projectName>PhocaCartDigiwalletPlugin</projectName>
	
	<files>
		<folder>helpers</folder>
		<filename plugin="digiwallet_paypal">index.html</filename>
		<filename plugin="digiwallet_paypal">digiwallet_paypal.php</filename>
		<filename>install.sql</filename>
	</files>

	<languages>
		<language tag="en-GB">language/en-GB/en-GB.plg_pcp_digiwallet_paypal.ini</language>
		<language tag="nl-NL">language/nl-NL/nl-NL.plg_pcp_digiwallet_paypal.ini</language>
	</languages>

	<administration>
		<languages>
			<language tag="en-GB">language/en-GB/en-GB.plg_pcp_digiwallet_paypal.sys.ini</language>
			<language tag="nl-NL">language/nl-NL/nl-NL.plg_pcp_digiwallet_paypal.sys.ini</language>
		</languages>
	</administration>
	<form>
		<fields name="params" addfieldpath="/administrator/components/com_phocacart/models/fields">
			<fieldset name="payment" addpath="/administrator/components/com_phocacart/models/fields" group="pcp">
		
				<field name="dw_pyp_rtlo" type="text" class="inputbox" size="40" label="PLG_PCP_DIGIWALLET_FIELD_RTLO_LABEL" description="PLG_PCP_DIGIWALLET_FIELD_RTLO_DESC" required="true"/>
				
				<field name="dw_pyp_token" type="text" class="inputbox" size="40" label="PLG_PCP_DIGIWALLET_FIELD_TOKEN_LABEL" description="PLG_PCP_DIGIWALLET_FIELD_TOKEN_DESC"/>
				
				<field name="dw_pyp_status_success" type="PhocaCartOrderStatus" default="6" label="PLG_PCP_DIGIWALLET_FIELD_SUCCESS_STATUS_LABEL" description="PLG_PCP_DIGIWALLET_FIELD_COMMON_STATUS_DESC"/>
				
				<field name="dw_pyp_status_failed" type="PhocaCartOrderStatus" default="3" label="PLG_PCP_DIGIWALLET_FIELD_FAILED_STATUS_LABEL" description="PLG_PCP_DIGIWALLET_FIELD_COMMON_STATUS_DESC"/>
			</fieldset>
		</fields>
	</form>
	<install>
	    <sql>
		<file driver="mysql" charset="utf8">install.sql</file>
	    </sql>
	</install>
	<updateservers>
		<server type="extension" name="PLG_PCP_DIGIWALLET_PAYPAL" priority="1"><![CDATA[https://www.digiwallet.nl/phocacart/updates.xml]]></server>
	</updateservers>
</extension>
